{"_name":"test2","animationCurve":{"serializedVersion":"2","m_Curve":[{"serializedVersion":"3","time":0.0001616136432858184,"value":0.06034630537033081,"inSlope":0.5699094533920288,"outSlope":0.5699094533920288,"weightedMode":0,"inWeight":0.3333333432674408,"outWeight":0.3333333432674408},{"serializedVersion":"3","time":0.06282828003168106,"value":0.09606063365936279,"inSlope":0.20961993932724,"outSlope":0.20961993932724,"weightedMode":0,"inWeight":0.3333333432674408,"outWeight":0.3333333432674408},{"serializedVersion":"3","time":0.1481616199016571,"value":0.08320349454879761,"inSlope":-0.09406609833240509,"outSlope":-0.09406609833240509,"weightedMode":0,"inWeight":0.3333333432674408,"outWeight":0.3333333432674408},{"serializedVersion":"3","time":0.9961616396903992,"value":0.001774907112121582,"inSlope":-0.14387750625610352,"outSlope":-0.14387750625610352,"weightedMode":0,"inWeight":0.3333333432674408,"outWeight":0.3333333432674408}],"m_PreInfinity":2,"m_PostInfinity":2,"m_RotationOrder":4},"rateX":0.20000000298023225,"rateY":80.0,"speed":50.0,"rotateSpeed":0.0,"destroyTime":5.0,"limitAngle":0.0,"color":{"r":0.0,"g":0.26958656311035159,"b":1.0,"a":1.0},"bulletCount":6}