{"_name":"test3","animationCurve":{"serializedVersion":"2","m_Curve":[{"serializedVersion":"3","time":0.0028282804414629938,"value":-0.0010822415351867676,"inSlope":1.6735535860061646,"outSlope":1.6735535860061646,"weightedMode":0,"inWeight":0.3333333432674408,"outWeight":0.3333333432674408},{"serializedVersion":"3","time":0.16416162252426148,"value":0.2689177393913269,"inSlope":0.5979232788085938,"outSlope":0.5979232788085938,"weightedMode":0,"inWeight":0.3333333432674408,"outWeight":0.3333333432674408},{"serializedVersion":"3","time":0.5828282833099365,"value":0.06891775131225586,"inSlope":0.03856988251209259,"outSlope":0.03856988251209259,"weightedMode":0,"inWeight":0.3333333432674408,"outWeight":0.3333333432674408}],"m_PreInfinity":2,"m_PostInfinity":2,"m_RotationOrder":4},"rateX":0.20000000298023225,"rateY":10.0,"speed":30.0,"rotateSpeed":3.0,"destroyTime":5.0,"limitAngle":0.0,"color":{"r":0.6842308044433594,"g":0.0,"b":1.0,"a":1.0},"bulletCount":5}